{
  "timestamp": "2025-06-01T23:38:25.255906",
  "examples": {
    "best_red": {
      "fixed_acidity": 6.8,
      "volatile_acidity": 0.29,
      "citric_acid": 0.33,
      "residual_sugar": 5.4,
      "chlorides": 0.041,
      "free_sulfur_dioxide": 35,
      "total_sulfur_dioxide": 117,
      "density": 0.9925,
      "pH": 3.23,
      "sulphates": 0.51,
      "alcohol": 11.7,
      "wine_type_red": 1
    },
    "best_white": {
      "fixed_acidity": 6.8,
      "volatile_acidity": 0.25,
      "citric_acid": 0.33,
      "residual_sugar": 6.5,
      "chlorides": 0.041,
      "free_sulfur_dioxide": 35,
      "total_sulfur_dioxide": 140,
      "density": 0.9925,
      "pH": 3.23,
      "sulphates": 0.51,
      "alcohol": 11.7,
      "wine_type_red": 0
    },
    "worst_red": {
      "fixed_acidity": 7.4,
      "volatile_acidity": 0.47,
      "citric_acid": 0.27,
      "residual_sugar": 4.3,
      "chlorides": 0.062,
      "free_sulfur_dioxide": 23,
      "total_sulfur_dioxide": 106,
      "density": 0.9949,
      "pH": 3.23,
      "sulphates": 0.51,
      "alcohol": 10.2,
      "wine_type_red": 1
    },
    "worst_white": {
      "fixed_acidity": 7.4,
      "volatile_acidity": 0.35,
      "citric_acid": 0.27,
      "residual_sugar": 12.0,
      "chlorides": 0.062,
      "free_sulfur_dioxide": 25,
      "total_sulfur_dioxide": 180,
      "density": 0.9949,
      "pH": 3.23,
      "sulphates": 0.51,
      "alcohol": 10.2,
      "wine_type_red": 0
    }
  },
  "predictions": {
    "best_red": {
      "prediction": 6,
      "confidence": 0.47887730660308486,
      "probabilities": {
        "3": 0.00125,
        "4": 0.019785714285714285,
        "5": 0.1037608458273782,
        "6": 0.47887730660308486,
        "7": 0.30012881778283984,
        "8": 0.09612378608921798,
        "9": 7.352941176470588e-05
      }
    },
    "best_white": {
      "prediction": 6,
      "confidence": 0.5855127657853806,
      "probabilities": {
        "3": 0.00025,
        "4": 0.0001020408163265306,
        "5": 0.0789682185920872,
        "6": 0.5855127657853806,
        "7": 0.26159207682377833,
        "8": 0.07357489798242724,
        "9": 0.0
      }
    },
    "worst_red": {
      "prediction": 5,
      "confidence": 0.4551163115246098,
      "probabilities": {
        "3": 0.0022500000000000003,
        "4": 0.06512499999999999,
        "5": 0.4551163115246098,
        "6": 0.4512898259303722,
        "7": 0.026218862545018005,
        "8": 0.0,
        "9": 0.0
      }
    },
    "worst_white": {
      "prediction": 6,
      "confidence": 0.6164830420674018,
      "probabilities": {
        "3": 0.0034999999999999996,
        "4": 0.028797619047619048,
        "5": 0.30458727759651405,
        "6": 0.6164830420674018,
        "7": 0.04163206128846522,
        "8": 0.005,
        "9": 0.0
      }
    }
  },
  "description": "Примеры лучших и худших вин для тестирования модели"
}